,Precision,Recall,F1-score,BLEU Score
date_value,1.0,1.0,1.0,1.0
store_name_value,1.0,1.0,1.0,1.0
tax_value,0.9716666666666668,0.9783333333333334,0.9746296296296297,0.9716666666666668
total_value,0.9793650793650794,0.9944444444444446,0.9862859362859363,0.9793650793650794
prod_item_value,1.0,1.0,1.0,1.0
prod_quantity_value,0.969090909090909,1.0,0.983157894736842,0.969090909090909
prod_price_value,0.9748480204342272,0.9866201563442942,0.9806054287373785,0.9748480204342272
gst_calculation,0.9,0.9,0.9,0.9
