{
  "overall_metrics": {
    "Precision": 0.3951164791935583,
    "Recall": 0.36190997883865733,
    "F1-score": 0.37112671218087984,
    "BLEU Score": 0.34265413745295487
  },
  "field_metrics": {
    "date_value": {
      "Precision": 0.852664576802508,
      "Recall": 0.8842650644374782,
      "F1-score": 0.8665687206522054,
      "BLEU Score": 0.8487268147902027
    },
    "store_name_value": {
      "Precision": 0.976369168356998,
      "Recall": 0.8234517048834888,
      "F1-score": 0.8687163296996452,
      "BLEU Score": 0.7704448008230377
    },
    "tax_value": {
      "Precision": 0.0,
      "Recall": 0.0,
      "F1-score": 0.0,
      "BLEU Score": 0.0
    },
    "total_value": {
      "Precision": 0.9367816091954022,
      "Recall": 0.8256530825496344,
      "F1-score": 0.8626019349143083,
      "BLEU Score": 0.7794073465574438
    },
    "prod_item_value": {
      "Precision": 0.0,
      "Recall": 0.0,
      "F1-score": 0.0,
      "BLEU Score": 0.0
    },
    "prod_quantity_value": {
      "Precision": 0.0,
      "Recall": 0.0,
      "F1-score": 0.0,
      "BLEU Score": 0.0
    },
    "prod_price_value": {
      "Precision": 0.0,
      "Recall": 0.0,
      "F1-score": 0.0,
      "BLEU Score": 0.0
    }
  },
  "scalar_metrics": {
    "Precision": 0.691453838588727,
    "Recall": 0.6333424629676503,
    "F1-score": 0.6494717463165397,
    "BLEU Score": 0.599644740542671
  },
  "list_metrics": {
    "Precision": 0.0,
    "Recall": 0.0,
    "F1-score": 0.0,
    "BLEU Score": 0.0
  }
}